Workbook

Sheet Tong quan
A1: BÁO CÁO TIẾN ĐỘ • NHÀ SÁCH THU THANH
A3: Kỳ kế hoạch: 11/10–31/10/2026 | Tuần 1: 11–17 • Tuần 2: 18–24 • Tuần 3: 25–31
A4: Đối chiếu GitHub: 24/10/2026 15:40 (+07) • Mẫu số: đúng 18 task T01–T18.
A6: GitHub chưa phản ánh hết phần source local: 18 issue vẫn OPEN / To do tại lần chụp này. 0% nghiệm thu GitHub không có nghĩa là chưa viết code. Xem cột hiện trạng local và phần việc còn lại.
A10: Thành viên | B10: Task phụ trách | C10: Điểm kế hoạch | D10: Task nghiệm thu | E10: Điểm nghiệm thu | F10: % theo số task | G10: % theo điểm | H10: Review
A11: Đông | B11: =COUNTIF('Chi tiet task'!$C$7:$C$24,A11) -> 9 | C11: =SUMIF('Chi tiet task'!$C$7:$C$24,A11,'Chi tiet task'!$E$7:$E$24) -> 36 | D11: =SUMIF('Chi tiet task'!$C$7:$C$24,A11,'Chi tiet task'!$I$7:$I$24) -> 0 | E11: =SUMPRODUCT(('Chi tiet task'!$C$7:$C$24=A11)*'Chi tiet task'!$E$7:$E$24*'Chi tiet task'!$I$7:$I$24) -> 0 | F11: =IFERROR(D11/B11,0) -> 0 | G11: =IFERROR(E11/C11,0) -> 0 | H11: Thiện
A12: Thiện | B12: =COUNTIF('Chi tiet task'!$C$7:$C$24,A12) -> 9 | C12: =SUMIF('Chi tiet task'!$C$7:$C$24,A12,'Chi tiet task'!$E$7:$E$24) -> 36 | D12: =SUMIF('Chi tiet task'!$C$7:$C$24,A12,'Chi tiet task'!$I$7:$I$24) -> 0 | E12: =SUMPRODUCT(('Chi tiet task'!$C$7:$C$24=A12)*'Chi tiet task'!$E$7:$E$24*'Chi tiet task'!$I$7:$I$24) -> 0 | F12: =IFERROR(D12/B12,0) -> 0 | G12: =IFERROR(E12/C12,0) -> 0 | H12: Đông
A13: TỔNG NHÓM | B13: =SUM(B11:B12) -> 18 | C13: =SUM(C11:C12) -> 72 | D13: =SUM(D11:D12) -> 0 | E13: =SUM(E11:E12) -> 0 | F13: =IFERROR(D13/B13,0) -> 0 | G13: =IFERROR(E13/C13,0) -> 0
A31: ƯU TIÊN TUẦN 25–31/10
A32: 25–27/10: chạy trên máy Thiện, duyệt Figma, review catalog/auth/cart/checkout/CRUD. 28–30/10: tồn/đơn/doanh thu, coverage, user testing và sửa lỗi. 31/10: kiểm chéo bản nộp, tài liệu và demo. Provider/deploy thật chỉ hoàn tất khi đủ đầu vào và được cho phép.
A36: Phân công D49 là đề xuất trách nhiệm, không xác nhận ai viết code nền. Chưa có username Thiện và chưa có PR trong repo Payment tại snapshot. Hai tuần đầu là khung đối chiếu lập 24/10; không có nhật ký cá nhân đủ để gán ngày thực hiện cho từng task.
A40: Mở GitHub Project #4 | E40: Mở repo source Payment

Sheet Bao cao tuan
A1: BÁO CÁO HÀNG TUẦN
A3: 11/10–31/10/2026 • Khung kế hoạch lập ngày 24/10. Các tuần đã qua chỉ ghi kết quả có bằng chứng; không hồi tố ngày làm việc hoặc công sức cá nhân.
A7: TUẦN 1 | 11/10–17/10/2026 | Yêu cầu • Figma • nền tảng
A8: Task | B8: Chủ trì | C8: Review | D8: Điểm | E8: Nội dung / mục tiêu | F8: Kết quả được xác nhận đến snapshot | G8: Việc cần làm / điều kiện | H8: % GitHub hiện tại
A9: T01 | B9: Đông | C9: Thiện | D9: 3 | E9: Chốt proposal và luồng hoạt động | F9: Chưa có nhật ký thực hiện riêng trong 11–17/10. Hiện trạng kiểm ngày24/10: Nghiệp vụ có trong PRD/DECISIONS. | G9: Hai người review proposal, phạm vi và bản nộp. | H9: ='Chi tiet task'!I7 -> 0
A10: T02 | B10: Đông | C10: Thiện | D10: 5 | E10: Hoàn thiện Figma và danh sách màn hình | F10: Chưa có nhật ký thực hiện riêng trong 11–17/10. Hiện trạng kiểm ngày24/10: Plugin V24/mock/flows có; chưa duyệt canvas thật. | G10: Import Web/Mobile; duyệt font, prototype; lưu link Figma. | H10: ='Chi tiet task'!I8 -> 0
A11: T03 | B11: Thiện | C11: Đông | D11: 4 | E11: Thiết lập dự án, database và API | F11: Chưa có nhật ký thực hiện riêng trong 11–17/10. Hiện trạng kiểm ngày24/10: Laravel/Next/MySQL/schema và API có; 43 paths hiện hành. | G11: Thiện chạy từ clone riêng; ghi môi trường, API và kết quả. | H11: ='Chi tiet task'!I9 -> 0
A12: Mục tiêu có điều kiện, chưa phải kết quả: hai người xác nhận yêu cầu/canvas và chạy dự án độc lập.
A14: TUẦN 2 | 18/10–24/10/2026 | Storefront • tài khoản • giỏ • đơn • admin
A15: Task | B15: Chủ trì | C15: Review | D15: Điểm | E15: Nội dung / mục tiêu | F15: Kết quả được xác nhận đến snapshot | G15: Việc cần làm / điều kiện | H15: % GitHub hiện tại
A16: T04 | B16: Đông | C16: Thiện | D16: 4 | E16: Trang chủ, danh mục và tìm kiếm | F16: Snapshot24/10, không khẳng định task làm trọn trong tuần: Ba feed, tìm/lọc/sort/page; 136 sản phẩm; QA local. | G16: Review home/catalog trên desktop/mobile; đính kèm evidence. | H16: ='Chi tiet task'!I10 -> 0
A17: T05 | B17: Thiện | C17: Đông | D17: 2 | E17: Chi tiết sản phẩm và popup thêm giỏ | F17: Snapshot24/10, không khẳng định task làm trọn trong tuần: Guest quickview; mua mới login, giữ số lượng; QA có. | G17: Kiểm lại đóng/Escape, hết hàng và tiếp tục sau login. | H17: ='Chi tiet task'!I11 -> 0
A18: T06 | B18: Đông | C18: Thiện | D18: 4 | E18: Đăng ký, đăng nhập và phân quyền | F18: Snapshot24/10, không khẳng định task làm trọn trong tuần: Cookie/CSRF/role; D51 recovery email local; SMTP chưa kiểm. | G18: Review auth/quyền; cấu hình SMTP và kiểm email thật nếu mở recovery. | H18: ='Chi tiet task'!I12 -> 0
A19: T07 | B19: Đông | C19: Thiện | D19: 3 | E19: Giỏ hàng | F19: Snapshot24/10, không khẳng định task làm trọn trong tuần: Giỏ nhiều món/quote/thay số lượng/xóa; tests có. | G19: Review tồn thay đổi, giá thay đổi, giỏ trống và đăng nhập. | H19: ='Chi tiet task'!I13 -> 0
A20: T08 | B20: Thiện | C20: Đông | D20: 5 | E20: Checkout và tạo đơn | F20: Snapshot24/10, không khẳng định task làm trọn trong tuần: Checkout/snapshot/row lock/idempotency đã kiểm local. | G20: Review 25k giao/0đ nhận, tạo trùng, lỗi tồn; tách provider thật. | H20: ='Chi tiet task'!I14 -> 0
A21: T11 | B21: Đông | C21: Thiện | D21: 4 | E21: Theo dõi đơn, hủy đơn và hết hạn | F21: Snapshot24/10, không khẳng định task làm trọn trong tuần: Order/expiry/reconcile và race tests có; provider còn chờ. | G21: Review quyền/hủy/hết hạn; nghiệm thu callback muộn khi có Sandbox. | H21: ='Chi tiet task'!I17 -> 0
A22: T12 | B22: Đông | C22: Thiện | D22: 4 | E22: Quản lý sản phẩm và hình ảnh | F22: Snapshot24/10, không khẳng định task làm trọn trong tuần: Thêm/sửa/archive/restore, ảnh và % giảm giá có. | G22: Review CRUD, validation ảnh, làm tròn giá và quyền admin. | H22: ='Chi tiet task'!I18 -> 0
A23: T13 | B23: Thiện | C23: Đông | D23: 4 | E23: Tồn kho theo danh mục | F23: Snapshot24/10, không khẳng định task làm trọn trong tuần: Tồn vật lý/giữ/có thể bán, ledger/lock/race tests có. | G23: Review điều chỉnh tồn, đơn cạnh tranh SKU cuối, lịch sử ledger. | H23: ='Chi tiet task'!I19 -> 0
A24: T14 | B24: Thiện | C24: Đông | D24: 4 | E24: Quản lý đơn hàng | F24: Snapshot24/10, không khẳng định task làm trọn trong tuần: Admin lọc/chi tiết/trạng thái; chặn hoàn tất đơn unpaid. | G24: Review quyền, trạng thái hợp lệ và phần đối soát phụ thuộc provider. | H24: ='Chi tiet task'!I20 -> 0
A25: T15 | B25: Đông | C25: Thiện | D25: 4 | E25: Tổng quan và doanh thu | F25: Snapshot24/10, không khẳng định task làm trọn trong tuần: Chart/filter/CSV có; tiền hàng sau giảm, ship riêng. | G25: Review chart/API/CSV; kiểm loại unpaid và tách dữ liệu demo. | H25: ='Chi tiet task'!I21 -> 0
A26: Mục tiêu có điều kiện, chưa phải kết quả: review chéo và lưu PR/test trước khi đóng issue.
A28: TUẦN 3 | 25/10–31/10/2026 | Nghiệm thu • kiểm thử • bản nộp / demo
A29: Task | B29: Chủ trì | C29: Review | D29: Điểm | E29: Nội dung / mục tiêu | F29: Kết quả được xác nhận đến snapshot | G29: Việc cần làm / điều kiện | H29: % GitHub hiện tại
A30: T09 | B30: Thiện | C30: Đông | D30: 5 | E30: Thanh toán online | F30: Chưa đến kỳ; phần local có sẵn ngày24/10: Adapter/test có; VNPAY merchant/Sandbox thật đang hoãn. | G30: Hoàn tất phần độc lập; chỉ nghiệm thu thật khi có quyền/credentials. | H30: ='Chi tiet task'!I15 -> 0
A31: T10 | B31: Thiện | C31: Đông | D31: 4 | E31: Nhận tại cửa hàng và QR tại quầy | F31: Chưa đến kỳ; phần local có sẵn ngày24/10: Đặt trước/prototype QR có; thanh toán QR thật còn chờ. | G31: Kiểm pickup/QR mẫu; QR thanh toán thật phụ thuộc provider. | H31: ='Chi tiet task'!I16 -> 0
A32: T16 | B32: Thiện | C32: Đông | D32: 5 | E32: Kiểm thử chức năng và sửa lỗi | F32: Chưa đến kỳ; phần local có sẵn ngày24/10: D51 local: 118 backend tests/1.675 assertions; 7 client tests. | G32: Đo coverage; regression bản cuối; Sandbox/staging chỉ khi đủ đầu vào. | H32: ='Chi tiet task'!I22 -> 0
A33: T17 | B33: Thiện | C33: Đông | D33: 3 | E33: Kiểm thử người dùng và cải thiện giao diện | F33: Chưa đến kỳ; phần local có sẵn ngày24/10: Có browser QA kỹ thuật; chưa có user testing đại diện. | G33: Mời người dùng thật, ghi quan sát; Đông sửa UI; kiểm lại lỗi. | H33: ='Chi tiet task'!I23 -> 0
A34: T18 | B34: Đông | C34: Thiện | D34: 5 | E34: Triển khai, tài liệu và demo | F34: Chưa đến kỳ; phần local có sẵn ngày24/10: Có source/guide/Compose; chưa hosting, HTTPS, restore thật. | G34: Chốt tài liệu/demo; deploy/restore/10k cần staging được cấp riêng. | H34: ='Chi tiet task'!I24 -> 0
A35: Mục tiêu có điều kiện, chưa phải kết quả: không đóng payment/deploy khi còn thiếu provider/hosting; ghi phần chưa xong vào bản nộp.

Sheet Chi tiet task
A1: CHI TIẾT 18 TASK • ĐÔNG / THIỆN
A3: Snapshot 24/10/2026 15:40 (+07). Phụ trách là đề xuất D49; assignee GitHub thực tế ở cột O.
A4: Cột J màu vàng: tự đánh giá tùy chọn, để trống khi chưa có xác nhận; KHÔNG dùng cột này tính tỷ lệ nghiệm thu GitHub.
A6: Task | B6: Chức năng | C6: Chủ trì đề xuất | D6: Review chéo | E6: Điểm | F6: Tuần khung | G6: Issue state | H6: Close reason | I6: % nghiệm thu GitHub | J6: % tự đánh giá (tùy chọn) | K6: Hiện trạng local / giới hạn | L6: Việc cần nghiệm thu | M6: Điều kiện / phụ thuộc | N6: Link issue | O6: Assignee GitHub thật | P6: Ngày đóng (+07)
A7: T01 | B7: Chốt proposal và luồng hoạt động | C7: Đông | D7: Thiện | E7: 3 | F7: Tuần 1 | G7: OPEN | I7: =IF(AND(G7="CLOSED",H7="COMPLETED"),1,0) -> 0 | K7: Nghiệp vụ có trong PRD/DECISIONS. | L7: Hai người review proposal, phạm vi và bản nộp. | M7: Review chéo và đủ bằng chứng acceptance. | N7: #1 • mở GitHub | O7: DongDao27 | P7: Chưa đóng
A8: T02 | B8: Hoàn thiện Figma và danh sách màn hình | C8: Đông | D8: Thiện | E8: 5 | F8: Tuần 1 | G8: OPEN | I8: =IF(AND(G8="CLOSED",H8="COMPLETED"),1,0) -> 0 | K8: Plugin V24/mock/flows có; chưa duyệt canvas thật. | L8: Import Web/Mobile; duyệt font, prototype; lưu link Figma. | M8: Cần chủ dự án duyệt canvas và cung cấp link chung. | N8: #4 • mở GitHub | O8: Chưa gán | P8: Chưa đóng
A9: T03 | B9: Thiết lập dự án, database và API | C9: Thiện | D9: Đông | E9: 4 | F9: Tuần 1 | G9: OPEN | I9: =IF(AND(G9="CLOSED",H9="COMPLETED"),1,0) -> 0 | K9: Laravel/Next/MySQL/schema và API có; 43 paths hiện hành. | L9: Thiện chạy từ clone riêng; ghi môi trường, API và kết quả. | M9: Cần kết quả clone/chạy thật trên máy Thiện. | N9: #5 • mở GitHub | O9: Chưa gán | P9: Chưa đóng
A10: T04 | B10: Trang chủ, danh mục và tìm kiếm | C10: Đông | D10: Thiện | E10: 4 | F10: Tuần 2 | G10: OPEN | I10: =IF(AND(G10="CLOSED",H10="COMPLETED"),1,0) -> 0 | K10: Ba feed, tìm/lọc/sort/page; 136 sản phẩm; QA local. | L10: Review home/catalog trên desktop/mobile; đính kèm evidence. | M10: Review chéo và đủ bằng chứng acceptance. | N10: #6 • mở GitHub | O10: Chưa gán | P10: Chưa đóng
A11: T05 | B11: Chi tiết sản phẩm và popup thêm giỏ | C11: Thiện | D11: Đông | E11: 2 | F11: Tuần 2 | G11: OPEN | I11: =IF(AND(G11="CLOSED",H11="COMPLETED"),1,0) -> 0 | K11: Guest quickview; mua mới login, giữ số lượng; QA có. | L11: Kiểm lại đóng/Escape, hết hàng và tiếp tục sau login. | M11: Review chéo và đủ bằng chứng acceptance. | N11: #7 • mở GitHub | O11: Chưa gán | P11: Chưa đóng
A12: T06 | B12: Đăng ký, đăng nhập và phân quyền | C12: Đông | D12: Thiện | E12: 4 | F12: Tuần 2 | G12: OPEN | I12: =IF(AND(G12="CLOSED",H12="COMPLETED"),1,0) -> 0 | K12: Cookie/CSRF/role; D51 recovery email local; SMTP chưa kiểm. | L12: Review auth/quyền; cấu hình SMTP và kiểm email thật nếu mở recovery. | M12: SMTP thật và worker nếu nghiệm thu recovery production. | N12: #8 • mở GitHub | O12: Chưa gán | P12: Chưa đóng
A13: T07 | B13: Giỏ hàng | C13: Đông | D13: Thiện | E13: 3 | F13: Tuần 2 | G13: OPEN | I13: =IF(AND(G13="CLOSED",H13="COMPLETED"),1,0) -> 0 | K13: Giỏ nhiều món/quote/thay số lượng/xóa; tests có. | L13: Review tồn thay đổi, giá thay đổi, giỏ trống và đăng nhập. | M13: Review chéo và đủ bằng chứng acceptance. | N13: #9 • mở GitHub | O13: Chưa gán | P13: Chưa đóng
A14: T08 | B14: Checkout và tạo đơn | C14: Thiện | D14: Đông | E14: 5 | F14: Tuần 2 | G14: OPEN | I14: =IF(AND(G14="CLOSED",H14="COMPLETED"),1,0) -> 0 | K14: Checkout/snapshot/row lock/idempotency đã kiểm local. | L14: Review 25k giao/0đ nhận, tạo trùng, lỗi tồn; tách provider thật. | M14: Review chéo và đủ bằng chứng acceptance. | N14: #10 • mở GitHub | O14: Chưa gán | P14: Chưa đóng
A15: T09 | B15: Thanh toán online | C15: Thiện | D15: Đông | E15: 5 | F15: Tuần 3 | G15: OPEN | I15: =IF(AND(G15="CLOSED",H15="COMPLETED"),1,0) -> 0 | K15: Adapter/test có; VNPAY merchant/Sandbox thật đang hoãn. | L15: Hoàn tất phần độc lập; chỉ nghiệm thu thật khi có quyền/credentials. | M15: Provider đang hoãn; cần chấp thuận mở lại và credentials Sandbox. | N15: #11 • mở GitHub | O15: Chưa gán | P15: Chưa đóng
A16: T10 | B16: Nhận tại cửa hàng và QR tại quầy | C16: Thiện | D16: Đông | E16: 4 | F16: Tuần 3 | G16: OPEN | I16: =IF(AND(G16="CLOSED",H16="COMPLETED"),1,0) -> 0 | K16: Đặt trước/prototype QR có; thanh toán QR thật còn chờ. | L16: Kiểm pickup/QR mẫu; QR thanh toán thật phụ thuộc provider. | M16: QR thanh toán thật phụ thuộc provider T09; QR mẫu không chứng minh paid. | N16: #12 • mở GitHub | O16: Chưa gán | P16: Chưa đóng
A17: T11 | B17: Theo dõi đơn, hủy đơn và hết hạn | C17: Đông | D17: Thiện | E17: 4 | F17: Tuần 2 | G17: OPEN | I17: =IF(AND(G17="CLOSED",H17="COMPLETED"),1,0) -> 0 | K17: Order/expiry/reconcile và race tests có; provider còn chờ. | L17: Review quyền/hủy/hết hạn; nghiệm thu callback muộn khi có Sandbox. | M17: Nghiệm thu toàn luồng cần provider; local tests không thay giao dịch thật. | N17: #13 • mở GitHub | O17: Chưa gán | P17: Chưa đóng
A18: T12 | B18: Quản lý sản phẩm và hình ảnh | C18: Đông | D18: Thiện | E18: 4 | F18: Tuần 2 | G18: OPEN | I18: =IF(AND(G18="CLOSED",H18="COMPLETED"),1,0) -> 0 | K18: Thêm/sửa/archive/restore, ảnh và % giảm giá có. | L18: Review CRUD, validation ảnh, làm tròn giá và quyền admin. | M18: Review chéo và đủ bằng chứng acceptance. | N18: #14 • mở GitHub | O18: Chưa gán | P18: Chưa đóng
... A24: T18 | B24: Triển khai, tài liệu và demo | C24: Đông | D24: Thiện | E24: 5 | F24: Tuần 3 | G24: OPEN | I24: =IF(AND(G24="CLOSED",H24="COMPLETED"),1,0) -> 0 | K24: Có source/guide/Compose; chưa hosting, HTTPS, restore thật. | L24: Chốt tài liệu/demo; deploy/restore/10k cần staging được cấp riêng. | M24: Chưa có hosting; cần staging/HTTPS/restore, không cam kết tải 10k. | N24: #20 • mở GitHub | O24: Chưa gán | P24: Chưa đóng
A26: Đây là bảng dữ liệu chi tiết rộng để lọc trên màn hình. Khi in/nộp, ưu tiên sheet Bao cao tuan. Trạng thái Project hiện tại lưu trong snapshot; workbook không tự đồng bộ GitHub.

Sheet Viec con lai 25-31
A1: KẾ HOẠCH CÒN LẠI • 25–31/10/2026
A3: Mục tiêu: nghiệm thu phần đã có, sửa lỗi còn thiếu và chuẩn bị bản nộp. Ngày dưới đây là hạn review dự kiến, không phải cam kết nghiệm thu provider/deploy thật.
A6: Task | B6: Chủ trì | C6: Review | D6: Hạn review | E6: Hành động / đầu ra | F6: Tiêu chí kết thúc | G6: Điều kiện | H6: Loại mục tiêu
A7: T01 | B7: Đông | C7: Thiện | D7: 46320 | E7: Hai người review proposal, phạm vi và bản nộp. | F7: Review đạt acceptance, gắn bằng chứng; đóng issue sau nghiệm thu. | G7: Review chéo; source/test và phạm vi đúng issue. | H7: Review / hoàn thiện
A8: T03 | B8: Thiện | C8: Đông | D8: 46320 | E8: Thiện chạy từ clone riêng; ghi môi trường, API và kết quả. | F8: Review đạt acceptance, gắn bằng chứng; đóng issue sau nghiệm thu. | G8: Cần kết quả clone/chạy thật trên máy Thiện. | H8: Review / hoàn thiện
A9: T02 | B9: Đông | C9: Thiện | D9: 46321 | E9: Import Web/Mobile; duyệt font, prototype; lưu link Figma. | F9: Review đạt acceptance, gắn bằng chứng; đóng issue sau nghiệm thu. | G9: Cần chủ dự án duyệt canvas và cung cấp link chung. | H9: Review / hoàn thiện
A10: T04 | B10: Đông | C10: Thiện | D10: 46321 | E10: Review home/catalog trên desktop/mobile; đính kèm evidence. | F10: Review đạt acceptance, gắn bằng chứng; đóng issue sau nghiệm thu. | G10: Review chéo; source/test và phạm vi đúng issue. | H10: Review / hoàn thiện
A11: T05 | B11: Thiện | C11: Đông | D11: 46321 | E11: Kiểm lại đóng/Escape, hết hàng và tiếp tục sau login. | F11: Review đạt acceptance, gắn bằng chứng; đóng issue sau nghiệm thu. | G11: Review chéo; source/test và phạm vi đúng issue. | H11: Review / hoàn thiện
A12: T06 | B12: Đông | C12: Thiện | D12: 46322 | E12: Review auth/quyền; cấu hình SMTP và kiểm email thật nếu mở recovery. | F12: Review đạt acceptance, gắn bằng chứng; đóng issue sau nghiệm thu. | G12: SMTP thật và worker nếu nghiệm thu recovery production. | H12: Review / hoàn thiện
A13: T07 | B13: Đông | C13: Thiện | D13: 46322 | E13: Review tồn thay đổi, giá thay đổi, giỏ trống và đăng nhập. | F13: Review đạt acceptance, gắn bằng chứng; đóng issue sau nghiệm thu. | G13: Review chéo; source/test và phạm vi đúng issue. | H13: Review / hoàn thiện
A14: T08 | B14: Thiện | C14: Đông | D14: 46322 | E14: Review 25k giao/0đ nhận, tạo trùng, lỗi tồn; tách provider thật. | F14: Review đạt acceptance, gắn bằng chứng; đóng issue sau nghiệm thu. | G14: Review chéo; source/test và phạm vi đúng issue. | H14: Review / hoàn thiện
A15: T12 | B15: Đông | C15: Thiện | D15: 46322 | E15: Review CRUD, validation ảnh, làm tròn giá và quyền admin. | F15: Review đạt acceptance, gắn bằng chứng; đóng issue sau nghiệm thu. | G15: Review chéo; source/test và phạm vi đúng issue. | H15: Review / hoàn thiện
A16: T13 | B16: Thiện | C16: Đông | D16: 46323 | E16: Review điều chỉnh tồn, đơn cạnh tranh SKU cuối, lịch sử ledger. | F16: Review đạt acceptance, gắn bằng chứng; đóng issue sau nghiệm thu. | G16: Review chéo; source/test và phạm vi đúng issue. | H16: Review / hoàn thiện
A17: T14 | B17: Thiện | C17: Đông | D17: 46323 | E17: Review quyền, trạng thái hợp lệ và phần đối soát phụ thuộc provider. | F17: Review đạt acceptance, gắn bằng chứng; đóng issue sau nghiệm thu. | G17: Đối soát toàn luồng phụ thuộc provider; chỉ chuyển trạng thái hợp lệ. | H17: Review / hoàn thiện
A18: T15 | B18: Đông | C18: Thiện | D18: 46323 | E18: Review chart/API/CSV; kiểm loại unpaid và tách dữ liệu demo. | F18: Review đạt acceptance, gắn bằng chứng; đóng issue sau nghiệm thu. | G18: Review chéo; source/test và phạm vi đúng issue. | H18: Review / hoàn thiện
... A24: T18 | B24: Đông | C24: Thiện | D24: 46326 | E24: Chốt tài liệu/demo; deploy/restore/10k cần staging được cấp riêng. | F24: Hoàn tất phần độc lập; giữ issue mở nếu còn chặn ngoài. | G24: Chưa có hosting; cần staging/HTTPS/restore, không cam kết tải 10k. | H24: Có điều kiện ngoài

Sheet Nguon va cach tinh
A1: NGUỒN DỮ LIỆU & CÁCH CẬP NHẬT
A5: Phạm vi | B5: 18 task T01–T18; MASTER và issue #2 tạo repository không nằm trong mẫu số. #2 đóng trước11/10 nên không tính thành tích kỳ này.
A7: Ngày dữ liệu | B7: 2026-10-24T15:40:27+07:00; múi giờ +07. Đây là snapshot, không tự cập nhật khi GitHub thay đổi.
A9: Công thức theo task | B9: Số task CLOSED với stateReason COMPLETED / số task được phân công. OPEN hoặc CLOSED/NOT_PLANNED không tính hoàn thành.
A11: Công thức theo điểm | B11: Tổng điểm task đã nghiệm thu / tổng điểm kế hoạch. Mỗi người9task/36điểm; điểm là ước lượng khối lượng, không phải giờ hay điểm môn học.
A13: Điền % tự đánh giá | B13: Cột J Chi tiet task màu vàng để trống. Nhóm tự điền0%–100% theo bằng chứng; chỉ số này độc lập, không làm tăng tỷ lệ GitHub.
A15: Cập nhật snapshot tay | B15: Sau nghiệm thu thật trên GitHub, cập nhật cột G Issue state và H Close reason; ghi lại ngày và link bằng chứng. Excel tự tính I và Tổng quan. Tránh thay giá trị chỉ để làm đẹp báo cáo.
A17: Tái xuất từ GitHub | B17: Chạy python scripts/export-weekly-report.py để đọc GitHub hiện tại và tạo lại file; sẽ ghi đè chỉnh sửa tay trong workbook. --offline tái tạo từ snapshot JSON đã lưu.
A19: Phân công / tác giả | B19: Chủ trì/review theo đề xuất D49, không phải assignee thật hay tác giả lịch sử. Assignee thật ở cộtO. Chưa có username Thiện; không gán commit của DongDao27 cho Thiện.
A21: Kế hoạch ba tuần | B21: Khung11–17,18–24,25–31/10 lập ngày24/10. Hai tuần đầu là đối chiếu, chưa có nhật ký cá nhân để xác nhận thời gian; kế hoạch mới này chưa được ghi đè lên MASTER GitHub cũ4tuần.
A23: Bằng chứng local | B23: D51 đã ghi118backendtests/1675assertions,7clienttests/build/typecheck và QA browser. Báo cáo này không chạy lại app tests; kết quả local không chứng minh production/provider/10k.
A25: Điều kiện còn mở | B25: VNPAY thật hoãn; chưa có hosting; SMTP thật chưa nghiệm thu; cần duyệt canvas, coverage và user testing đại diện. Backend strict/release gate giữ nguyên.
A27: Dữ liệu giữ nguyên | B27: Không thay app/database/env, không seed doanh số, không đóng issue, không đổi Project, không tạo commit/PR hay deploy khi xuất báo cáo.
... A31: Nguồn kiểm chứng local | B31: docs/STATUS.json; docs/TASKS.json; docs/qa/D51-browser.json; docs/qa/D51-data-preservation.json; source tương ứng trong chú thích từngtask.
A33: GitHub Project #4
A34: Repo issue T01–T18
A35: Repo source Payment
A36: MASTER lịch gốc
A37: PR tại snapshot: 0 • Commit hiện có trong Payment:
A38: 503ca3d14b39 | DongDao27 | 24/10/2026 00:53 (+07)
A39: 33428a4a1a42 | DongDao27 | 24/10/2026 00:52 (+07)
